user_pseudo_id,event_name,event_date,event_datetime,inferred_session_id,ad_unit_id,ad_network,conversion_event,question_address,cumulative_question_index,app_version
6b7bfe13725352467ae11e02235f3a6c,ad_loaded,2025-09-17 00:00:00+00:00,2025-09-17 09:33:23.007002+00:00,208,6b570flp2ge9uxl8,unityads,,,,0.2.3
4cc78993f8236585546a9f6aeffa0d13,ad_loaded,2025-09-17 00:00:00+00:00,2025-09-17 09:50:07.606002+00:00,99,6b570flp2ge9uxl8,unityads,,,,0.2.3
4cc78993f8236585546a9f6aeffa0d13,ad_loaded,2025-09-17 00:00:00+00:00,2025-09-17 09:50:07.607003+00:00,99,6b570flp2ge9uxl8,unityads,,,,0.2.3
4cc78993f8236585546a9f6aeffa0d13,ad_loaded,2025-09-17 00:00:00+00:00,2025-09-17 10:51:50.621002+00:00,100,6b570flp2ge9uxl8,unityads,,,,0.2.3
4cc78993f8236585546a9f6aeffa0d13,ad_loaded,2025-09-17 00:00:00+00:00,2025-09-17 10:51:51.406003+00:00,100,6b570flp2ge9uxl8,unityads,,,,0.2.3
4cc78993f8236585546a9f6aeffa0d13,ad_loaded,2025-09-17 00:00:00+00:00,2025-09-17 11:20:56.929001+00:00,101,6b570flp2ge9uxl8,unityads,,,,0.2.3
4cc78993f8236585546a9f6aeffa0d13,ad_loaded,2025-09-17 00:00:00+00:00,2025-09-17 11:20:57.816002+00:00,101,6b570flp2ge9uxl8,unityads,,,,0.2.3
4cc78993f8236585546a9f6aeffa0d13,ad_loaded,2025-09-17 00:00:00+00:00,2025-09-17 11:54:13.761011+00:00,104,6b570flp2ge9uxl8,unityads,,,,0.2.3
4cc78993f8236585546a9f6aeffa0d13,ad_loaded,2025-09-17 00:00:00+00:00,2025-09-17 11:54:14.436012+00:00,104,6b570flp2ge9uxl8,unityads,,,,0.2.3
4cc78993f8236585546a9f6aeffa0d13,ad_loaded,2025-09-17 00:00:00+00:00,2025-09-17 12:25:31.106002+00:00,105,6b570flp2ge9uxl8,unityads,,,,0.2.3
4cc78993f8236585546a9f6aeffa0d13,ad_loaded,2025-09-17 00:00:00+00:00,2025-09-17 12:25:31.829003+00:00,105,6b570flp2ge9uxl8,unityads,,,,0.2.3
0f8f649263450c258692b2c77bc0fb0d,ad_loaded,2025-09-17 00:00:00+00:00,2025-09-17 18:02:55.492000+00:00,3,6b570flp2ge9uxl8,unityads,,,,0.2.3
0f8f649263450c258692b2c77bc0fb0d,ad_loaded,2025-09-17 00:00:00+00:00,2025-09-17 18:17:52.023001+00:00,3,6b570flp2ge9uxl8,unityads,,Mo - T: 1 - Q: 4,4.0,0.2.3
0f8f649263450c258692b2c77bc0fb0d,ad_loaded,2025-09-17 00:00:00+00:00,2025-09-17 18:17:52.346002+00:00,3,6b570flp2ge9uxl8,unityads,,Mo - T: 1 - Q: 4,4.0,0.2.3
744a37f98b8975b7993e38979ae329da,ad_loaded,2025-09-17 00:00:00+00:00,2025-09-17 09:56:42.701001+00:00,258,6b570flp2ge9uxl8,unityads,,,,0.2.3
744a37f98b8975b7993e38979ae329da,ad_loaded,2025-09-17 00:00:00+00:00,2025-09-17 09:59:16.137001+00:00,258,6b570flp2ge9uxl8,unityads,,T - T: 1 - Q: 1,1.0,0.2.3
744a37f98b8975b7993e38979ae329da,ad_loaded,2025-09-17 00:00:00+00:00,2025-09-17 09:59:16.503002+00:00,258,6b570flp2ge9uxl8,unityads,,T - T: 1 - Q: 1,1.0,0.2.3
744a37f98b8975b7993e38979ae329da,ad_loaded,2025-09-17 00:00:00+00:00,2025-09-17 10:07:42.349002+00:00,258,6b570flp2ge9uxl8,unityads,,T - T: 1 - Q: 1,1.0,0.2.3
744a37f98b8975b7993e38979ae329da,ad_loaded,2025-09-17 00:00:00+00:00,2025-09-17 10:07:42.911003+00:00,258,6b570flp2ge9uxl8,unityads,,T - T: 1 - Q: 1,1.0,0.2.3
823633d925e6b92a4da9de5ee9787a51,ad_loaded,2025-09-17 00:00:00+00:00,2025-09-17 18:07:11.876000+00:00,308,6b570flp2ge9uxl8,unityads,,,,0.2.3
823633d925e6b92a4da9de5ee9787a51,ad_loaded,2025-09-17 00:00:00+00:00,2025-09-17 18:47:50.216002+00:00,309,6b570flp2ge9uxl8,unityads,,,,0.2.3
823633d925e6b92a4da9de5ee9787a51,ad_loaded,2025-09-17 00:00:00+00:00,2025-09-17 18:47:51.416003+00:00,309,6b570flp2ge9uxl8,unityads,,,,0.2.3
5f84f13d37dad04639af109c15e21f17,ad_loaded,2025-09-17 00:00:00+00:00,2025-09-17 14:48:32.453000+00:00,180,6b570flp2ge9uxl8,unityads,,,,0.2.3
5f84f13d37dad04639af109c15e21f17,ad_loaded,2025-09-17 00:00:00+00:00,2025-09-17 15:30:27.496001+00:00,181,6b570flp2ge9uxl8,unityads,,T - T: 1 - Q: 11,11.0,0.2.3
5f84f13d37dad04639af109c15e21f17,ad_loaded,2025-09-17 00:00:00+00:00,2025-09-17 15:30:28.427002+00:00,181,6b570flp2ge9uxl8,unityads,,T - T: 1 - Q: 11,11.0,0.2.3
6e4f632b8ff65452b5b431366cb5137d,ad_load_failed,2025-09-17 00:00:00+00:00,2025-09-17 17:56:48.010005+00:00,240,6b570flp2ge9uxl8,,,T - T: 1 - Q: 11,11.0,0.2.3
6e4f632b8ff65452b5b431366cb5137d,ad_load_failed,2025-09-17 00:00:00+00:00,2025-09-17 17:56:48.913006+00:00,240,6b570flp2ge9uxl8,,,T - T: 1 - Q: 11,11.0,0.2.3
14dc8a61fa5b0fafaef6e79df39870f4,ad_loaded,2025-09-17 00:00:00+00:00,2025-09-17 17:11:04.924000+00:00,12,6b570flp2ge9uxl8,unityads,,,,0.2.3
14dc8a61fa5b0fafaef6e79df39870f4,ad_loaded,2025-09-17 00:00:00+00:00,2025-09-17 17:17:27.503001+00:00,12,6b570flp2ge9uxl8,unityads,,T - T: 1 - Q: 3,3.0,0.2.3
14dc8a61fa5b0fafaef6e79df39870f4,ad_loaded,2025-09-17 00:00:00+00:00,2025-09-17 17:17:27.503002+00:00,12,6b570flp2ge9uxl8,unityads,,T - T: 1 - Q: 3,3.0,0.2.3
14dc8a61fa5b0fafaef6e79df39870f4,ad_loaded,2025-09-17 00:00:00+00:00,2025-09-17 17:33:41.048002+00:00,12,6b570flp2ge9uxl8,unityads,,Mo - T: 1 - Q: 4,4.0,0.2.3
14dc8a61fa5b0fafaef6e79df39870f4,ad_loaded,2025-09-17 00:00:00+00:00,2025-09-17 17:33:43.598003+00:00,12,6b570flp2ge9uxl8,unityads,,Mo - T: 1 - Q: 4,4.0,0.2.3
14dc8a61fa5b0fafaef6e79df39870f4,ad_loaded,2025-09-17 00:00:00+00:00,2025-09-17 17:39:13.792011+00:00,12,6b570flp2ge9uxl8,unityads,,Mo - T: 1 - Q: 4,4.0,0.2.3
14dc8a61fa5b0fafaef6e79df39870f4,ad_loaded,2025-09-17 00:00:00+00:00,2025-09-17 17:39:14.081012+00:00,12,6b570flp2ge9uxl8,unityads,,Mo - T: 1 - Q: 4,4.0,0.2.3
a8e9aa3492e6a8e39382c4af63a2966a,ad_loaded,2025-09-17 00:00:00+00:00,2025-09-17 08:54:58.147000+00:00,335,6b570flp2ge9uxl8,unityads,,,,0.2.3
4f2fe705f62542943d31cdfdc7f3f94b,ad_loaded,2025-09-17 00:00:00+00:00,2025-09-17 17:07:45.736000+00:00,152,6b570flp2ge9uxl8,unityads,,,,0.2.3
e6b7338f440a427107cdcf28fe55fb62,ad_loaded,2025-09-17 00:00:00+00:00,2025-09-17 19:15:00.192002+00:00,367,6b570flp2ge9uxl8,unityads,,,,0.2.3
e6b7338f440a427107cdcf28fe55fb62,ad_loaded,2025-09-17 00:00:00+00:00,2025-09-17 19:15:02.060003+00:00,367,6b570flp2ge9uxl8,unityads,,,,0.2.3
eaa3bed88c48097933150012df3e8f73,ad_loaded,2025-09-17 00:00:00+00:00,2025-09-17 11:22:09.333002+00:00,383,6b570flp2ge9uxl8,unityads,,,,0.2.3
eaa3bed88c48097933150012df3e8f73,ad_loaded,2025-09-17 00:00:00+00:00,2025-09-17 11:22:09.333003+00:00,383,6b570flp2ge9uxl8,unityads,,,,0.2.3
2c47397152df7cf520f26b3e2bd289d9,ad_loaded,2025-09-17 00:00:00+00:00,2025-09-17 13:24:01.251002+00:00,24,6b570flp2ge9uxl8,unityads,,,,0.2.3
2c47397152df7cf520f26b3e2bd289d9,ad_loaded,2025-09-17 00:00:00+00:00,2025-09-17 13:24:02.095003+00:00,24,6b570flp2ge9uxl8,unityads,,,,0.2.3
6b7bfe13725352467ae11e02235f3a6c,ad_loaded,2025-09-18 00:00:00+00:00,2025-09-18 08:39:02.875000+00:00,209,6b570flp2ge9uxl8,unityads,,,,0.2.3
6b7bfe13725352467ae11e02235f3a6c,ad_loaded,2025-09-18 00:00:00+00:00,2025-09-18 08:39:04.879001+00:00,209,6b570flp2ge9uxl8,unityads,,,,0.2.3
0f8f649263450c258692b2c77bc0fb0d,ad_loaded,2025-09-18 00:00:00+00:00,2025-09-18 17:12:33.286001+00:00,4,6b570flp2ge9uxl8,unityads,,,,0.2.3
0f8f649263450c258692b2c77bc0fb0d,ad_loaded,2025-09-18 00:00:00+00:00,2025-09-18 17:12:33.286002+00:00,4,6b570flp2ge9uxl8,unityads,,,,0.2.3
744a37f98b8975b7993e38979ae329da,ad_loaded,2025-09-18 00:00:00+00:00,2025-09-18 03:38:02.511002+00:00,259,6b570flp2ge9uxl8,unityads,,,,0.2.3
744a37f98b8975b7993e38979ae329da,ad_loaded,2025-09-18 00:00:00+00:00,2025-09-18 03:38:03.206003+00:00,259,6b570flp2ge9uxl8,unityads,,,,0.2.3
744a37f98b8975b7993e38979ae329da,ad_loaded,2025-09-18 00:00:00+00:00,2025-09-18 04:37:11.925002+00:00,260,6b570flp2ge9uxl8,unityads,,,,0.2.3
744a37f98b8975b7993e38979ae329da,ad_loaded,2025-09-18 00:00:00+00:00,2025-09-18 04:37:11.955003+00:00,260,6b570flp2ge9uxl8,unityads,,,,0.2.3
744a37f98b8975b7993e38979ae329da,ad_loaded,2025-09-18 00:00:00+00:00,2025-09-18 15:25:24.758002+00:00,261,6b570flp2ge9uxl8,unityads,,,,0.2.3
744a37f98b8975b7993e38979ae329da,ad_loaded,2025-09-18 00:00:00+00:00,2025-09-18 15:25:25.254003+00:00,261,6b570flp2ge9uxl8,unityads,,,,0.2.3
744a37f98b8975b7993e38979ae329da,ad_loaded,2025-09-18 00:00:00+00:00,2025-09-18 19:33:52.076002+00:00,262,6b570flp2ge9uxl8,unityads,,,,0.2.3
744a37f98b8975b7993e38979ae329da,ad_loaded,2025-09-18 00:00:00+00:00,2025-09-18 19:33:52.540003+00:00,262,6b570flp2ge9uxl8,unityads,,,,0.2.3
823633d925e6b92a4da9de5ee9787a51,ad_loaded,2025-09-18 00:00:00+00:00,2025-09-18 12:23:55.943003+00:00,310,6b570flp2ge9uxl8,unityads,,,,0.2.3
823633d925e6b92a4da9de5ee9787a51,ad_loaded,2025-09-18 00:00:00+00:00,2025-09-18 12:24:08.045004+00:00,310,6b570flp2ge9uxl8,unityads,,,,0.2.3
823633d925e6b92a4da9de5ee9787a51,ad_loaded,2025-09-18 00:00:00+00:00,2025-09-18 12:25:04.539001+00:00,310,6b570flp2ge9uxl8,unityads,,,,0.2.3
823633d925e6b92a4da9de5ee9787a51,ad_loaded,2025-09-18 00:00:00+00:00,2025-09-18 12:25:05.152002+00:00,310,6b570flp2ge9uxl8,unityads,,,,0.2.3
5f84f13d37dad04639af109c15e21f17,ad_loaded,2025-09-18 00:00:00+00:00,2025-09-18 20:40:37.175002+00:00,184,6b570flp2ge9uxl8,unityads,,,,0.2.3
5f84f13d37dad04639af109c15e21f17,ad_loaded,2025-09-18 00:00:00+00:00,2025-09-18 20:40:37.948003+00:00,184,6b570flp2ge9uxl8,unityads,,,,0.2.3
5448559ae43135df0a1f2e23ebe82661,ad_loaded,2025-09-18 00:00:00+00:00,2025-09-18 07:58:21.989002+00:00,162,6b570flp2ge9uxl8,unityads,,,,0.2.3
14dc8a61fa5b0fafaef6e79df39870f4,ad_loaded,2025-09-18 00:00:00+00:00,2025-09-18 10:37:55.153002+00:00,13,6b570flp2ge9uxl8,unityads,,,,0.2.3
14dc8a61fa5b0fafaef6e79df39870f4,ad_loaded,2025-09-18 00:00:00+00:00,2025-09-18 10:37:55.203003+00:00,13,6b570flp2ge9uxl8,unityads,,,,0.2.3
14dc8a61fa5b0fafaef6e79df39870f4,ad_loaded,2025-09-18 00:00:00+00:00,2025-09-18 18:15:20.748002+00:00,14,6b570flp2ge9uxl8,unityads,,,,0.2.3
14dc8a61fa5b0fafaef6e79df39870f4,ad_loaded,2025-09-18 00:00:00+00:00,2025-09-18 18:15:20.748003+00:00,14,6b570flp2ge9uxl8,unityads,,,,0.2.3
a8e9aa3492e6a8e39382c4af63a2966a,ad_loaded,2025-09-18 00:00:00+00:00,2025-09-18 09:50:33.040002+00:00,336,6b570flp2ge9uxl8,unityads,,,,0.2.3
a8e9aa3492e6a8e39382c4af63a2966a,ad_loaded,2025-09-18 00:00:00+00:00,2025-09-18 09:50:33.665003+00:00,336,6b570flp2ge9uxl8,unityads,,,,0.2.3
4f2fe705f62542943d31cdfdc7f3f94b,ad_loaded,2025-09-18 00:00:00+00:00,2025-09-18 18:08:36.452002+00:00,153,6b570flp2ge9uxl8,unityads,,,,0.2.3
4f2fe705f62542943d31cdfdc7f3f94b,ad_loaded,2025-09-18 00:00:00+00:00,2025-09-18 18:08:37.534003+00:00,153,6b570flp2ge9uxl8,unityads,,,,0.2.3
4f2fe705f62542943d31cdfdc7f3f94b,ad_loaded,2025-09-18 00:00:00+00:00,2025-09-18 18:14:03.821002+00:00,153,6b570flp2ge9uxl8,unityads,,Mo - T: 1 - Q: 4,4.0,0.2.3
e6b7338f440a427107cdcf28fe55fb62,ad_loaded,2025-09-18 00:00:00+00:00,2025-09-18 18:36:01.658002+00:00,368,6b570flp2ge9uxl8,unityads,,,,0.2.3
e6b7338f440a427107cdcf28fe55fb62,ad_loaded,2025-09-18 00:00:00+00:00,2025-09-18 18:36:02.766003+00:00,368,6b570flp2ge9uxl8,unityads,,,,0.2.3
eaa3bed88c48097933150012df3e8f73,ad_loaded,2025-09-18 00:00:00+00:00,2025-09-18 18:07:49.429002+00:00,384,6b570flp2ge9uxl8,unityads,,,,0.2.3
eaa3bed88c48097933150012df3e8f73,ad_loaded,2025-09-18 00:00:00+00:00,2025-09-18 18:07:50.226003+00:00,384,6b570flp2ge9uxl8,unityads,,,,0.2.3
2c47397152df7cf520f26b3e2bd289d9,ad_loaded,2025-09-17 00:00:00+00:00,2025-09-17 21:18:06.780002+00:00,28,6b570flp2ge9uxl8,unityads,,,,0.2.3
2c47397152df7cf520f26b3e2bd289d9,ad_loaded,2025-09-17 00:00:00+00:00,2025-09-17 21:18:07.560003+00:00,28,6b570flp2ge9uxl8,unityads,,,,0.2.3
2c47397152df7cf520f26b3e2bd289d9,ad_loaded,2025-09-18 00:00:00+00:00,2025-09-18 00:24:45.240002+00:00,29,6b570flp2ge9uxl8,unityads,,,,0.2.3
2c47397152df7cf520f26b3e2bd289d9,ad_loaded,2025-09-18 00:00:00+00:00,2025-09-18 00:24:47.422003+00:00,29,6b570flp2ge9uxl8,unityads,,,,0.2.3
2c47397152df7cf520f26b3e2bd289d9,ad_loaded,2025-09-18 00:00:00+00:00,2025-09-18 19:34:32.743004+00:00,30,6b570flp2ge9uxl8,unityads,,Crystal Raw - T: 3 - Q: 1,29.0,0.2.3
2c47397152df7cf520f26b3e2bd289d9,ad_loaded,2025-09-18 00:00:00+00:00,2025-09-18 19:34:33.029005+00:00,30,6b570flp2ge9uxl8,unityads,,Crystal Raw - T: 3 - Q: 1,29.0,0.2.3
6b7bfe13725352467ae11e02235f3a6c,ad_loaded,2025-09-19 00:00:00+00:00,2025-09-19 06:26:52.411002+00:00,211,6b570flp2ge9uxl8,unityads,,,,0.2.3
6b7bfe13725352467ae11e02235f3a6c,ad_loaded,2025-09-19 00:00:00+00:00,2025-09-19 06:26:52.499003+00:00,211,6b570flp2ge9uxl8,unityads,,,,0.2.3
4cc78993f8236585546a9f6aeffa0d13,ad_loaded,2025-09-19 00:00:00+00:00,2025-09-19 10:09:34.256002+00:00,108,6b570flp2ge9uxl8,unityads,,,,0.2.3
4cc78993f8236585546a9f6aeffa0d13,ad_loaded,2025-09-19 00:00:00+00:00,2025-09-19 12:08:34.567002+00:00,113,6b570flp2ge9uxl8,unityads,,T - T: 1 - Q: 8,8.0,0.2.3
4cc78993f8236585546a9f6aeffa0d13,ad_loaded,2025-09-19 00:00:00+00:00,2025-09-19 19:14:00.633002+00:00,115,6b570flp2ge9uxl8,unityads,,,,0.2.3
4cc78993f8236585546a9f6aeffa0d13,ad_loaded,2025-09-19 00:00:00+00:00,2025-09-19 19:14:01.188003+00:00,115,6b570flp2ge9uxl8,unityads,,,,0.2.3
0f8f649263450c258692b2c77bc0fb0d,ad_load_failed,2025-09-19 00:00:00+00:00,2025-09-19 18:30:58.592011+00:00,6,6b570flp2ge9uxl8,,,T - T: 2 - Q: 12,24.0,0.2.3
0f8f649263450c258692b2c77bc0fb0d,ad_load_failed,2025-09-19 00:00:00+00:00,2025-09-19 18:31:00.291012+00:00,6,6b570flp2ge9uxl8,,,T - T: 2 - Q: 12,24.0,0.2.3
744a37f98b8975b7993e38979ae329da,ad_loaded,2025-09-19 00:00:00+00:00,2025-09-19 01:48:10.163001+00:00,263,6b570flp2ge9uxl8,unityads,,,,0.2.3
744a37f98b8975b7993e38979ae329da,ad_loaded,2025-09-19 00:00:00+00:00,2025-09-19 01:48:10.591002+00:00,263,6b570flp2ge9uxl8,unityads,,,,0.2.3
744a37f98b8975b7993e38979ae329da,ad_loaded,2025-09-19 00:00:00+00:00,2025-09-19 03:16:45.030002+00:00,264,6b570flp2ge9uxl8,unityads,,,,0.2.3
744a37f98b8975b7993e38979ae329da,ad_loaded,2025-09-19 00:00:00+00:00,2025-09-19 03:16:45.755003+00:00,264,6b570flp2ge9uxl8,unityads,,,,0.2.3
744a37f98b8975b7993e38979ae329da,ad_loaded,2025-09-19 00:00:00+00:00,2025-09-19 03:36:52.595001+00:00,265,6b570flp2ge9uxl8,unityads,,,,0.2.3
744a37f98b8975b7993e38979ae329da,ad_loaded,2025-09-19 00:00:00+00:00,2025-09-19 03:36:53.058002+00:00,265,6b570flp2ge9uxl8,unityads,,,,0.2.3
744a37f98b8975b7993e38979ae329da,ad_loaded,2025-09-19 00:00:00+00:00,2025-09-19 05:45:17.055002+00:00,267,6b570flp2ge9uxl8,unityads,,,,0.2.3
744a37f98b8975b7993e38979ae329da,ad_loaded,2025-09-19 00:00:00+00:00,2025-09-19 05:45:17.452003+00:00,267,6b570flp2ge9uxl8,unityads,,,,0.2.3
744a37f98b8975b7993e38979ae329da,ad_loaded,2025-09-19 00:00:00+00:00,2025-09-19 15:06:39.254002+00:00,268,6b570flp2ge9uxl8,unityads,,,,0.2.3
744a37f98b8975b7993e38979ae329da,ad_loaded,2025-09-19 00:00:00+00:00,2025-09-19 15:06:39.747003+00:00,268,6b570flp2ge9uxl8,unityads,,,,0.2.3
744a37f98b8975b7993e38979ae329da,ad_load_failed,2025-09-19 00:00:00+00:00,2025-09-19 16:55:57.523001+00:00,269,6b570flp2ge9uxl8,,,,,0.2.3
744a37f98b8975b7993e38979ae329da,ad_load_failed,2025-09-19 00:00:00+00:00,2025-09-19 16:55:57.994002+00:00,269,6b570flp2ge9uxl8,,,,,0.2.3
744a37f98b8975b7993e38979ae329da,ad_loaded,2025-09-19 00:00:00+00:00,2025-09-19 19:10:39.565002+00:00,270,6b570flp2ge9uxl8,unityads,,,,0.2.3
744a37f98b8975b7993e38979ae329da,ad_loaded,2025-09-19 00:00:00+00:00,2025-09-19 19:10:39.994003+00:00,270,6b570flp2ge9uxl8,unityads,,,,0.2.3
823633d925e6b92a4da9de5ee9787a51,ad_loaded,2025-09-19 00:00:00+00:00,2025-09-19 12:22:10.253002+00:00,311,6b570flp2ge9uxl8,unityads,,,,0.2.3
823633d925e6b92a4da9de5ee9787a51,ad_loaded,2025-09-19 00:00:00+00:00,2025-09-19 12:22:10.998003+00:00,311,6b570flp2ge9uxl8,unityads,,,,0.2.3
823633d925e6b92a4da9de5ee9787a51,ad_loaded,2025-09-19 00:00:00+00:00,2025-09-19 12:22:53.434001+00:00,311,6b570flp2ge9uxl8,unityads,,,,0.2.3
823633d925e6b92a4da9de5ee9787a51,ad_loaded,2025-09-19 00:00:00+00:00,2025-09-19 12:22:54.080002+00:00,311,6b570flp2ge9uxl8,unityads,,,,0.2.3
823633d925e6b92a4da9de5ee9787a51,ad_loaded,2025-09-19 00:00:00+00:00,2025-09-19 12:45:36.174181+00:00,311,6b570flp2ge9uxl8,unityads,,Frenchie - T: 2 - Q: 6,22.0,0.2.3
823633d925e6b92a4da9de5ee9787a51,ad_loaded,2025-09-19 00:00:00+00:00,2025-09-19 12:45:36.175182+00:00,311,6b570flp2ge9uxl8,unityads,,Frenchie - T: 2 - Q: 6,22.0,0.2.3
823633d925e6b92a4da9de5ee9787a51,ad_loaded,2025-09-19 00:00:00+00:00,2025-09-19 12:45:56.907187+00:00,311,6b570flp2ge9uxl8,unityads,,Frenchie - T: 2 - Q: 6,22.0,0.2.3
823633d925e6b92a4da9de5ee9787a51,ad_loaded,2025-09-19 00:00:00+00:00,2025-09-19 12:45:57.894189+00:00,311,6b570flp2ge9uxl8,unityads,,Frenchie - T: 2 - Q: 6,22.0,0.2.3
6e4f632b8ff65452b5b431366cb5137d,ad_loaded,2025-09-19 00:00:00+00:00,2025-09-19 06:27:20.701002+00:00,241,6b570flp2ge9uxl8,unityads,,,,0.2.3
6e4f632b8ff65452b5b431366cb5137d,ad_loaded,2025-09-19 00:00:00+00:00,2025-09-19 06:27:21.830003+00:00,241,6b570flp2ge9uxl8,unityads,,,,0.2.3
5448559ae43135df0a1f2e23ebe82661,ad_loaded,2025-09-19 00:00:00+00:00,2025-09-19 07:31:00.698002+00:00,163,6b570flp2ge9uxl8,unityads,,,,0.2.3
5448559ae43135df0a1f2e23ebe82661,ad_loaded,2025-09-19 00:00:00+00:00,2025-09-19 07:31:00.789003+00:00,163,6b570flp2ge9uxl8,unityads,,,,0.2.3
5448559ae43135df0a1f2e23ebe82661,ad_loaded,2025-09-19 00:00:00+00:00,2025-09-19 07:39:36.011001+00:00,163,6b570flp2ge9uxl8,unityads,,T - T: 1 - Q: 3,3.0,0.2.3
5448559ae43135df0a1f2e23ebe82661,ad_loaded,2025-09-19 00:00:00+00:00,2025-09-19 07:39:36.126002+00:00,163,6b570flp2ge9uxl8,unityads,,T - T: 1 - Q: 3,3.0,0.2.3
14dc8a61fa5b0fafaef6e79df39870f4,ad_loaded,2025-09-19 00:00:00+00:00,2025-09-19 06:09:08.603002+00:00,15,6b570flp2ge9uxl8,unityads,,,,0.2.3
14dc8a61fa5b0fafaef6e79df39870f4,ad_loaded,2025-09-19 00:00:00+00:00,2025-09-19 06:09:08.604003+00:00,15,6b570flp2ge9uxl8,unityads,,,,0.2.3
a8e9aa3492e6a8e39382c4af63a2966a,ad_loaded,2025-09-19 00:00:00+00:00,2025-09-19 06:42:37.586002+00:00,337,6b570flp2ge9uxl8,unityads,,,,0.2.3
a8e9aa3492e6a8e39382c4af63a2966a,ad_loaded,2025-09-19 00:00:00+00:00,2025-09-19 06:42:37.907003+00:00,337,6b570flp2ge9uxl8,unityads,,,,0.2.3
4f2fe705f62542943d31cdfdc7f3f94b,ad_loaded,2025-09-19 00:00:00+00:00,2025-09-19 06:11:21.714000+00:00,154,6b570flp2ge9uxl8,unityads,,,,0.2.3
4f2fe705f62542943d31cdfdc7f3f94b,ad_loaded,2025-09-19 00:00:00+00:00,2025-09-19 06:11:21.714001+00:00,154,6b570flp2ge9uxl8,unityads,,,,0.2.3
e6b7338f440a427107cdcf28fe55fb62,ad_loaded,2025-09-19 00:00:00+00:00,2025-09-19 19:16:35.418002+00:00,370,6b570flp2ge9uxl8,unityads,,,,0.2.3
e6b7338f440a427107cdcf28fe55fb62,ad_loaded,2025-09-19 00:00:00+00:00,2025-09-19 19:16:35.419003+00:00,370,6b570flp2ge9uxl8,unityads,,,,0.2.3
2c47397152df7cf520f26b3e2bd289d9,ad_loaded,2025-09-19 00:00:00+00:00,2025-09-19 10:10:58.455004+00:00,31,6b570flp2ge9uxl8,unityads,,,,0.2.3
2c47397152df7cf520f26b3e2bd289d9,ad_loaded,2025-09-19 00:00:00+00:00,2025-09-19 10:10:58.502005+00:00,31,6b570flp2ge9uxl8,unityads,,,,0.2.3
2c47397152df7cf520f26b3e2bd289d9,ad_loaded,2025-09-19 00:00:00+00:00,2025-09-19 19:28:54.485002+00:00,33,6b570flp2ge9uxl8,unityads,,,,0.2.3
2c47397152df7cf520f26b3e2bd289d9,ad_loaded,2025-09-19 00:00:00+00:00,2025-09-19 19:28:56.671003+00:00,33,6b570flp2ge9uxl8,unityads,,,,0.2.3
6b7bfe13725352467ae11e02235f3a6c,ad_loaded,2025-09-20 00:00:00+00:00,2025-09-20 06:20:15.895000+00:00,212,6b570flp2ge9uxl8,unityads,,,,0.2.3
6b7bfe13725352467ae11e02235f3a6c,ad_loaded,2025-09-20 00:00:00+00:00,2025-09-20 06:20:15.896001+00:00,212,6b570flp2ge9uxl8,unityads,,,,0.2.3
4cc78993f8236585546a9f6aeffa0d13,ad_loaded,2025-09-20 00:00:00+00:00,2025-09-20 09:06:07.589002+00:00,121,6b570flp2ge9uxl8,unityads,,,,0.2.3
4cc78993f8236585546a9f6aeffa0d13,ad_loaded,2025-09-20 00:00:00+00:00,2025-09-20 09:06:08.112003+00:00,121,6b570flp2ge9uxl8,unityads,,,,0.2.3
744a37f98b8975b7993e38979ae329da,ad_loaded,2025-09-20 00:00:00+00:00,2025-09-20 04:33:40.674002+00:00,271,6b570flp2ge9uxl8,unityads,,,,0.2.3
744a37f98b8975b7993e38979ae329da,ad_loaded,2025-09-20 00:00:00+00:00,2025-09-20 04:33:41.005003+00:00,271,6b570flp2ge9uxl8,unityads,,,,0.2.3
744a37f98b8975b7993e38979ae329da,ad_loaded,2025-09-20 00:00:00+00:00,2025-09-20 09:33:24.973002+00:00,272,6b570flp2ge9uxl8,unityads,,,,0.2.3
744a37f98b8975b7993e38979ae329da,ad_loaded,2025-09-20 00:00:00+00:00,2025-09-20 09:33:25.402003+00:00,272,6b570flp2ge9uxl8,unityads,,,,0.2.3
744a37f98b8975b7993e38979ae329da,ad_loaded,2025-09-20 00:00:00+00:00,2025-09-20 15:38:49.783002+00:00,273,6b570flp2ge9uxl8,unityads,,,,0.2.3
744a37f98b8975b7993e38979ae329da,ad_loaded,2025-09-20 00:00:00+00:00,2025-09-20 15:38:49.827003+00:00,273,6b570flp2ge9uxl8,unityads,,,,0.2.3
744a37f98b8975b7993e38979ae329da,ad_loaded,2025-09-20 00:00:00+00:00,2025-09-20 15:39:36.327001+00:00,273,6b570flp2ge9uxl8,unityads,,,,0.2.3
744a37f98b8975b7993e38979ae329da,ad_loaded,2025-09-20 00:00:00+00:00,2025-09-20 15:39:36.723002+00:00,273,6b570flp2ge9uxl8,unityads,,,,0.2.3
744a37f98b8975b7993e38979ae329da,ad_loaded,2025-09-20 00:00:00+00:00,2025-09-20 15:42:03.692005+00:00,273,6b570flp2ge9uxl8,unityads,,,,0.2.3
744a37f98b8975b7993e38979ae329da,ad_loaded,2025-09-20 00:00:00+00:00,2025-09-20 15:42:04.155006+00:00,273,6b570flp2ge9uxl8,unityads,,,,0.2.3
744a37f98b8975b7993e38979ae329da,ad_load_failed,2025-09-20 00:00:00+00:00,2025-09-20 16:49:20.882002+00:00,275,6b570flp2ge9uxl8,,,,,0.2.3
744a37f98b8975b7993e38979ae329da,ad_load_failed,2025-09-20 00:00:00+00:00,2025-09-20 16:49:21.311003+00:00,275,6b570flp2ge9uxl8,,,,,0.2.3
744a37f98b8975b7993e38979ae329da,ad_loaded,2025-09-20 00:00:00+00:00,2025-09-20 16:50:33.884001+00:00,275,6b570flp2ge9uxl8,unityads,,Mi - T: 1 - Q: 9,9.0,0.2.3
744a37f98b8975b7993e38979ae329da,ad_load_failed,2025-09-20 00:00:00+00:00,2025-09-20 16:50:34.314002+00:00,275,6b570flp2ge9uxl8,,,Mi - T: 1 - Q: 9,9.0,0.2.3
744a37f98b8975b7993e38979ae329da,ad_load_failed,2025-09-20 00:00:00+00:00,2025-09-20 16:53:19.174002+00:00,275,6b570flp2ge9uxl8,,,Mi - T: 1 - Q: 9,9.0,0.2.3
744a37f98b8975b7993e38979ae329da,ad_load_failed,2025-09-20 00:00:00+00:00,2025-09-20 16:53:19.669003+00:00,275,6b570flp2ge9uxl8,,,Mi - T: 1 - Q: 9,9.0,0.2.3
744a37f98b8975b7993e38979ae329da,ad_load_failed,2025-09-20 00:00:00+00:00,2025-09-20 16:54:40.685009+00:00,275,6b570flp2ge9uxl8,,,Mi - T: 1 - Q: 9,9.0,0.2.3
744a37f98b8975b7993e38979ae329da,ad_load_failed,2025-09-20 00:00:00+00:00,2025-09-20 16:54:41.213010+00:00,275,6b570flp2ge9uxl8,,,Mi - T: 1 - Q: 9,9.0,0.2.3
744a37f98b8975b7993e38979ae329da,ad_load_failed,2025-09-20 00:00:00+00:00,2025-09-20 17:03:17.101001+00:00,276,6b570flp2ge9uxl8,,,,,0.2.3
744a37f98b8975b7993e38979ae329da,ad_load_failed,2025-09-20 00:00:00+00:00,2025-09-20 17:03:17.696002+00:00,276,6b570flp2ge9uxl8,,,,,0.2.3
744a37f98b8975b7993e38979ae329da,ad_loaded,2025-09-20 00:00:00+00:00,2025-09-20 18:05:30.163000+00:00,277,6b570flp2ge9uxl8,unityads,,,,0.2.3
744a37f98b8975b7993e38979ae329da,ad_loaded,2025-09-20 00:00:00+00:00,2025-09-20 18:05:30.692001+00:00,277,6b570flp2ge9uxl8,unityads,,,,0.2.3
823633d925e6b92a4da9de5ee9787a51,ad_loaded,2025-09-20 00:00:00+00:00,2025-09-20 11:49:02.647002+00:00,312,6b570flp2ge9uxl8,unityads,,,,0.2.3
823633d925e6b92a4da9de5ee9787a51,ad_loaded,2025-09-20 00:00:00+00:00,2025-09-20 11:49:03.325003+00:00,312,6b570flp2ge9uxl8,unityads,,,,0.2.3
5448559ae43135df0a1f2e23ebe82661,ad_loaded,2025-09-20 00:00:00+00:00,2025-09-20 08:12:46.796002+00:00,164,6b570flp2ge9uxl8,unityads,,,,0.2.3
5448559ae43135df0a1f2e23ebe82661,ad_loaded,2025-09-20 00:00:00+00:00,2025-09-20 08:12:46.812003+00:00,164,6b570flp2ge9uxl8,unityads,,,,0.2.3
a8e9aa3492e6a8e39382c4af63a2966a,ad_loaded,2025-09-20 00:00:00+00:00,2025-09-20 08:11:24.870002+00:00,338,6b570flp2ge9uxl8,unityads,,,,0.2.3
a8e9aa3492e6a8e39382c4af63a2966a,ad_loaded,2025-09-20 00:00:00+00:00,2025-09-20 08:11:24.929003+00:00,338,6b570flp2ge9uxl8,unityads,,,,0.2.3
2c47397152df7cf520f26b3e2bd289d9,ad_loaded,2025-09-20 00:00:00+00:00,2025-09-20 11:38:12.268002+00:00,35,6b570flp2ge9uxl8,unityads,,,,0.2.3
2c47397152df7cf520f26b3e2bd289d9,ad_loaded,2025-09-20 00:00:00+00:00,2025-09-20 11:38:12.786003+00:00,35,6b570flp2ge9uxl8,unityads,,,,0.2.3
2c47397152df7cf520f26b3e2bd289d9,ad_loaded,2025-09-20 00:00:00+00:00,2025-09-20 18:59:03.747003+00:00,38,6b570flp2ge9uxl8,unityads,,,,0.2.3
2c47397152df7cf520f26b3e2bd289d9,ad_loaded,2025-09-20 00:00:00+00:00,2025-09-20 18:59:04.351004+00:00,38,6b570flp2ge9uxl8,unityads,,,,0.2.3
6b7bfe13725352467ae11e02235f3a6c,ad_loaded,2025-09-21 00:00:00+00:00,2025-09-21 07:59:01.919000+00:00,216,6b570flp2ge9uxl8,unityads,,,,0.2.3
4cc78993f8236585546a9f6aeffa0d13,ad_loaded,2025-09-21 00:00:00+00:00,2025-09-21 11:01:27.604002+00:00,131,6b570flp2ge9uxl8,unityads,,,,0.2.3
4cc78993f8236585546a9f6aeffa0d13,ad_loaded,2025-09-21 00:00:00+00:00,2025-09-21 11:01:27.893003+00:00,131,6b570flp2ge9uxl8,unityads,,,,0.2.3
744a37f98b8975b7993e38979ae329da,ad_loaded,2025-09-21 00:00:00+00:00,2025-09-21 11:52:24.790003+00:00,278,6b570flp2ge9uxl8,unityads,,,,0.2.3
744a37f98b8975b7993e38979ae329da,ad_loaded,2025-09-21 00:00:00+00:00,2025-09-21 11:52:24.839004+00:00,278,6b570flp2ge9uxl8,unityads,,,,0.2.3
744a37f98b8975b7993e38979ae329da,ad_loaded,2025-09-21 00:00:00+00:00,2025-09-21 11:54:36.602001+00:00,278,6b570flp2ge9uxl8,unityads,,Mi - T: 1 - Q: 9,9.0,0.2.3
744a37f98b8975b7993e38979ae329da,ad_loaded,2025-09-21 00:00:00+00:00,2025-09-21 11:54:36.633002+00:00,278,6b570flp2ge9uxl8,unityads,,Mi - T: 1 - Q: 9,9.0,0.2.3
744a37f98b8975b7993e38979ae329da,ad_loaded,2025-09-21 00:00:00+00:00,2025-09-21 12:16:34.520000+00:00,279,6b570flp2ge9uxl8,unityads,,,,0.2.3
744a37f98b8975b7993e38979ae329da,ad_loaded,2025-09-21 00:00:00+00:00,2025-09-21 12:16:34.947001+00:00,279,6b570flp2ge9uxl8,unityads,,,,0.2.3
744a37f98b8975b7993e38979ae329da,ad_loaded,2025-09-21 00:00:00+00:00,2025-09-21 12:41:24.651000+00:00,280,6b570flp2ge9uxl8,unityads,,,,0.2.3
744a37f98b8975b7993e38979ae329da,ad_loaded,2025-09-21 00:00:00+00:00,2025-09-21 12:41:25.113001+00:00,280,6b570flp2ge9uxl8,unityads,,,,0.2.3
744a37f98b8975b7993e38979ae329da,ad_loaded,2025-09-21 00:00:00+00:00,2025-09-21 17:05:57.919002+00:00,281,6b570flp2ge9uxl8,unityads,,,,0.2.3
744a37f98b8975b7993e38979ae329da,ad_loaded,2025-09-21 00:00:00+00:00,2025-09-21 17:05:57.919003+00:00,281,6b570flp2ge9uxl8,unityads,,,,0.2.3
744a37f98b8975b7993e38979ae329da,ad_loaded,2025-09-21 00:00:00+00:00,2025-09-21 17:07:15.060001+00:00,281,6b570flp2ge9uxl8,unityads,,,,0.2.3
744a37f98b8975b7993e38979ae329da,ad_loaded,2025-09-21 00:00:00+00:00,2025-09-21 17:07:15.623002+00:00,281,6b570flp2ge9uxl8,unityads,,,,0.2.3
823633d925e6b92a4da9de5ee9787a51,ad_loaded,2025-09-21 00:00:00+00:00,2025-09-21 11:56:00.414002+00:00,313,6b570flp2ge9uxl8,unityads,,,,0.2.3
823633d925e6b92a4da9de5ee9787a51,ad_loaded,2025-09-21 00:00:00+00:00,2025-09-21 11:56:01.321003+00:00,313,6b570flp2ge9uxl8,unityads,,,,0.2.3
5f84f13d37dad04639af109c15e21f17,ad_loaded,2025-09-20 00:00:00+00:00,2025-09-20 21:12:51.919002+00:00,185,6b570flp2ge9uxl8,unityads,,,,0.2.3
5f84f13d37dad04639af109c15e21f17,ad_loaded,2025-09-20 00:00:00+00:00,2025-09-20 21:12:53.350003+00:00,185,6b570flp2ge9uxl8,unityads,,,,0.2.3
6e4f632b8ff65452b5b431366cb5137d,ad_load_failed,2025-09-21 00:00:00+00:00,2025-09-21 07:51:11.905006+00:00,242,6b570flp2ge9uxl8,,,,,0.2.3
6e4f632b8ff65452b5b431366cb5137d,ad_load_failed,2025-09-21 00:00:00+00:00,2025-09-21 07:51:12.533007+00:00,242,6b570flp2ge9uxl8,,,,,0.2.3
5448559ae43135df0a1f2e23ebe82661,ad_loaded,2025-09-21 00:00:00+00:00,2025-09-21 08:31:15.748002+00:00,165,6b570flp2ge9uxl8,unityads,,,,0.2.3
5448559ae43135df0a1f2e23ebe82661,ad_loaded,2025-09-21 00:00:00+00:00,2025-09-21 08:31:16.125003+00:00,165,6b570flp2ge9uxl8,unityads,,,,0.2.3
a8e9aa3492e6a8e39382c4af63a2966a,ad_loaded,2025-09-21 00:00:00+00:00,2025-09-21 10:43:21.828002+00:00,339,6b570flp2ge9uxl8,unityads,,,,0.2.3
a8e9aa3492e6a8e39382c4af63a2966a,ad_loaded,2025-09-21 00:00:00+00:00,2025-09-21 10:43:21.828003+00:00,339,6b570flp2ge9uxl8,unityads,,,,0.2.3
a8e9aa3492e6a8e39382c4af63a2966a,ad_loaded,2025-09-21 00:00:00+00:00,2025-09-21 10:53:45.851001+00:00,339,6b570flp2ge9uxl8,unityads,,T - T: 4 - Q: 10,46.0,0.2.3
a8e9aa3492e6a8e39382c4af63a2966a,ad_loaded,2025-09-21 00:00:00+00:00,2025-09-21 10:53:46.577002+00:00,339,6b570flp2ge9uxl8,unityads,,T - T: 4 - Q: 10,46.0,0.2.3
e6b7338f440a427107cdcf28fe55fb62,ad_loaded,2025-09-21 00:00:00+00:00,2025-09-21 05:48:27.158002+00:00,371,6b570flp2ge9uxl8,unityads,,,,0.2.3
e6b7338f440a427107cdcf28fe55fb62,ad_loaded,2025-09-21 00:00:00+00:00,2025-09-21 05:48:27.651003+00:00,371,6b570flp2ge9uxl8,unityads,,,,0.2.3
2c47397152df7cf520f26b3e2bd289d9,ad_loaded,2025-09-20 00:00:00+00:00,2025-09-20 22:02:40.884000+00:00,39,6b570flp2ge9uxl8,unityads,,,,0.2.3
2c47397152df7cf520f26b3e2bd289d9,ad_loaded,2025-09-20 00:00:00+00:00,2025-09-20 22:02:41.338001+00:00,39,6b570flp2ge9uxl8,unityads,,,,0.2.3
2c47397152df7cf520f26b3e2bd289d9,ad_loaded,2025-09-21 00:00:00+00:00,2025-09-21 15:04:17.672002+00:00,40,6b570flp2ge9uxl8,unityads,,,,0.2.3
2c47397152df7cf520f26b3e2bd289d9,ad_loaded,2025-09-21 00:00:00+00:00,2025-09-21 15:04:18.166003+00:00,40,6b570flp2ge9uxl8,unityads,,,,0.2.3
2c47397152df7cf520f26b3e2bd289d9,ad_loaded,2025-09-21 00:00:00+00:00,2025-09-21 16:26:41.513002+00:00,41,6b570flp2ge9uxl8,unityads,,,,0.2.3
2c47397152df7cf520f26b3e2bd289d9,ad_loaded,2025-09-21 00:00:00+00:00,2025-09-21 16:26:43.729003+00:00,41,6b570flp2ge9uxl8,unityads,,,,0.2.3
2c47397152df7cf520f26b3e2bd289d9,ad_loaded,2025-09-22 00:00:00+00:00,2025-09-22 20:54:44.852002+00:00,44,6b570flp2ge9uxl8,unityads,,,,0.2.3
2c47397152df7cf520f26b3e2bd289d9,ad_loaded,2025-09-22 00:00:00+00:00,2025-09-22 20:54:46.361003+00:00,44,6b570flp2ge9uxl8,unityads,,,,0.2.3
6b7bfe13725352467ae11e02235f3a6c,ad_loaded,2025-09-22 00:00:00+00:00,2025-09-22 07:42:24.573000+00:00,218,6b570flp2ge9uxl8,unityads,,,,0.2.3
6b7bfe13725352467ae11e02235f3a6c,ad_loaded,2025-09-22 00:00:00+00:00,2025-09-22 07:42:24.574001+00:00,218,6b570flp2ge9uxl8,unityads,,,,0.2.3
4cc78993f8236585546a9f6aeffa0d13,ad_loaded,2025-09-22 00:00:00+00:00,2025-09-22 13:15:57.943000+00:00,132,6b570flp2ge9uxl8,unityads,,,,0.2.3
4cc78993f8236585546a9f6aeffa0d13,ad_loaded,2025-09-22 00:00:00+00:00,2025-09-22 13:15:59.513001+00:00,132,6b570flp2ge9uxl8,unityads,,,,0.2.3
0f8f649263450c258692b2c77bc0fb0d,ad_loaded,2025-09-21 00:00:00+00:00,2025-09-21 21:47:18.938003+00:00,8,6b570flp2ge9uxl8,unityads,,,,0.2.3
0f8f649263450c258692b2c77bc0fb0d,ad_loaded,2025-09-21 00:00:00+00:00,2025-09-21 21:47:19.015004+00:00,8,6b570flp2ge9uxl8,unityads,,,,0.2.3
744a37f98b8975b7993e38979ae329da,ad_loaded,2025-09-22 00:00:00+00:00,2025-09-22 05:06:46.931002+00:00,282,6b570flp2ge9uxl8,unityads,,,,0.2.3
744a37f98b8975b7993e38979ae329da,ad_loaded,2025-09-22 00:00:00+00:00,2025-09-22 05:06:47.759003+00:00,282,6b570flp2ge9uxl8,unityads,,,,0.2.3
744a37f98b8975b7993e38979ae329da,ad_loaded,2025-09-22 00:00:00+00:00,2025-09-22 14:53:11.798002+00:00,283,6b570flp2ge9uxl8,unityads,,,,0.2.3
744a37f98b8975b7993e38979ae329da,ad_loaded,2025-09-22 00:00:00+00:00,2025-09-22 14:53:12.228003+00:00,283,6b570flp2ge9uxl8,unityads,,,,0.2.3
744a37f98b8975b7993e38979ae329da,ad_load_failed,2025-09-22 00:00:00+00:00,2025-09-22 18:03:37.375002+00:00,284,6b570flp2ge9uxl8,,,,,0.2.3
744a37f98b8975b7993e38979ae329da,ad_load_failed,2025-09-22 00:00:00+00:00,2025-09-22 18:03:37.836003+00:00,284,6b570flp2ge9uxl8,,,,,0.2.3
823633d925e6b92a4da9de5ee9787a51,ad_loaded,2025-09-22 00:00:00+00:00,2025-09-22 16:36:33.410002+00:00,314,6b570flp2ge9uxl8,unityads,,,,0.2.3
823633d925e6b92a4da9de5ee9787a51,ad_loaded,2025-09-22 00:00:00+00:00,2025-09-22 16:36:34.349003+00:00,314,6b570flp2ge9uxl8,unityads,,,,0.2.3
5f84f13d37dad04639af109c15e21f17,ad_loaded,2025-09-22 00:00:00+00:00,2025-09-22 09:31:37.163002+00:00,187,6b570flp2ge9uxl8,unityads,,,,0.2.3
5f84f13d37dad04639af109c15e21f17,ad_loaded,2025-09-22 00:00:00+00:00,2025-09-22 09:31:38.293003+00:00,187,6b570flp2ge9uxl8,unityads,,,,0.2.3
5448559ae43135df0a1f2e23ebe82661,ad_loaded,2025-09-22 00:00:00+00:00,2025-09-22 05:15:52.072002+00:00,166,6b570flp2ge9uxl8,unityads,,,,0.2.3
a8e9aa3492e6a8e39382c4af63a2966a,ad_loaded,2025-09-22 00:00:00+00:00,2025-09-22 17:47:34.804002+00:00,340,6b570flp2ge9uxl8,unityads,,,,0.2.3
a8e9aa3492e6a8e39382c4af63a2966a,ad_loaded,2025-09-22 00:00:00+00:00,2025-09-22 17:47:35.753003+00:00,340,6b570flp2ge9uxl8,unityads,,,,0.2.3
2c47397152df7cf520f26b3e2bd289d9,ad_loaded,2025-09-21 00:00:00+00:00,2025-09-21 21:34:48.136000+00:00,42,6b570flp2ge9uxl8,unityads,,,,0.2.3
2c47397152df7cf520f26b3e2bd289d9,ad_loaded,2025-09-21 00:00:00+00:00,2025-09-21 21:34:48.387001+00:00,42,6b570flp2ge9uxl8,unityads,,,,0.2.3
2c47397152df7cf520f26b3e2bd289d9,ad_loaded,2025-09-22 00:00:00+00:00,2025-09-22 14:50:37.193002+00:00,43,6b570flp2ge9uxl8,unityads,,,,0.2.3
2c47397152df7cf520f26b3e2bd289d9,ad_loaded,2025-09-22 00:00:00+00:00,2025-09-22 14:50:37.659003+00:00,43,6b570flp2ge9uxl8,unityads,,,,0.2.3
6b7bfe13725352467ae11e02235f3a6c,ad_load_failed,2025-09-23 00:00:00+00:00,2025-09-23 09:51:27.794001+00:00,222,6b570flp2ge9uxl8,,,,,0.2.3
6b7bfe13725352467ae11e02235f3a6c,ad_load_failed,2025-09-23 00:00:00+00:00,2025-09-23 09:51:27.798002+00:00,222,6b570flp2ge9uxl8,,,,,0.2.3
6b7bfe13725352467ae11e02235f3a6c,ad_loaded,2025-09-23 00:00:00+00:00,2025-09-23 10:14:02.849000+00:00,223,6b570flp2ge9uxl8,unityads,,,,0.2.3
6b7bfe13725352467ae11e02235f3a6c,ad_loaded,2025-09-23 00:00:00+00:00,2025-09-23 10:14:03.211001+00:00,223,6b570flp2ge9uxl8,unityads,,,,0.2.3
4cc78993f8236585546a9f6aeffa0d13,ad_loaded,2025-09-23 00:00:00+00:00,2025-09-23 12:24:39.073002+00:00,135,6b570flp2ge9uxl8,unityads,,,,0.2.3
4cc78993f8236585546a9f6aeffa0d13,ad_loaded,2025-09-23 00:00:00+00:00,2025-09-23 12:24:40.908000+00:00,135,6b570flp2ge9uxl8,unityads,,,,0.2.3
4cc78993f8236585546a9f6aeffa0d13,ad_loaded,2025-09-23 00:00:00+00:00,2025-09-23 14:18:06.246002+00:00,136,6b570flp2ge9uxl8,unityads,,,,0.2.3
4cc78993f8236585546a9f6aeffa0d13,ad_loaded,2025-09-23 00:00:00+00:00,2025-09-23 14:18:07.002003+00:00,136,6b570flp2ge9uxl8,unityads,,,,0.2.3
0f8f649263450c258692b2c77bc0fb0d,ad_loaded,2025-09-23 00:00:00+00:00,2025-09-23 12:45:51.580002+00:00,9,6b570flp2ge9uxl8,unityads,,,,0.2.3
0f8f649263450c258692b2c77bc0fb0d,ad_loaded,2025-09-23 00:00:00+00:00,2025-09-23 12:45:52.405003+00:00,9,6b570flp2ge9uxl8,unityads,,,,0.2.3
744a37f98b8975b7993e38979ae329da,ad_loaded,2025-09-23 00:00:00+00:00,2025-09-23 06:39:13.560002+00:00,285,6b570flp2ge9uxl8,unityads,,,,0.2.3
744a37f98b8975b7993e38979ae329da,ad_loaded,2025-09-23 00:00:00+00:00,2025-09-23 06:39:14.122003+00:00,285,6b570flp2ge9uxl8,unityads,,,,0.2.3
744a37f98b8975b7993e38979ae329da,ad_loaded,2025-09-23 00:00:00+00:00,2025-09-23 16:07:57.781002+00:00,286,6b570flp2ge9uxl8,unityads,,,,0.2.3
744a37f98b8975b7993e38979ae329da,ad_loaded,2025-09-23 00:00:00+00:00,2025-09-23 16:07:58.310003+00:00,286,6b570flp2ge9uxl8,unityads,,,,0.2.3
823633d925e6b92a4da9de5ee9787a51,ad_loaded,2025-09-23 00:00:00+00:00,2025-09-23 12:21:55.174002+00:00,315,6b570flp2ge9uxl8,unityads,,,,0.2.3
823633d925e6b92a4da9de5ee9787a51,ad_loaded,2025-09-23 00:00:00+00:00,2025-09-23 12:21:57.086003+00:00,315,6b570flp2ge9uxl8,unityads,,,,0.2.3
5f84f13d37dad04639af109c15e21f17,ad_loaded,2025-09-23 00:00:00+00:00,2025-09-23 16:12:06.183002+00:00,189,6b570flp2ge9uxl8,unityads,,,,0.2.3
5f84f13d37dad04639af109c15e21f17,ad_loaded,2025-09-23 00:00:00+00:00,2025-09-23 16:12:07.509003+00:00,189,6b570flp2ge9uxl8,unityads,,,,0.2.3
5448559ae43135df0a1f2e23ebe82661,ad_loaded,2025-09-23 00:00:00+00:00,2025-09-23 05:44:55.647002+00:00,167,6b570flp2ge9uxl8,unityads,,,,0.2.3
5448559ae43135df0a1f2e23ebe82661,ad_loaded,2025-09-23 00:00:00+00:00,2025-09-23 05:44:55.654003+00:00,167,6b570flp2ge9uxl8,unityads,,,,0.2.3
a8e9aa3492e6a8e39382c4af63a2966a,ad_loaded,2025-09-23 00:00:00+00:00,2025-09-23 06:42:05.083002+00:00,341,6b570flp2ge9uxl8,unityads,,,,0.2.3
a8e9aa3492e6a8e39382c4af63a2966a,ad_loaded,2025-09-23 00:00:00+00:00,2025-09-23 06:42:05.668003+00:00,341,6b570flp2ge9uxl8,unityads,,,,0.2.3
e6b7338f440a427107cdcf28fe55fb62,ad_loaded,2025-09-23 00:00:00+00:00,2025-09-23 05:30:35.028002+00:00,372,6b570flp2ge9uxl8,unityads,,,,0.2.3
e6b7338f440a427107cdcf28fe55fb62,ad_loaded,2025-09-23 00:00:00+00:00,2025-09-23 05:30:35.822003+00:00,372,6b570flp2ge9uxl8,unityads,,,,0.2.3
2c47397152df7cf520f26b3e2bd289d9,ad_loaded,2025-09-23 00:00:00+00:00,2025-09-23 11:29:16.514002+00:00,45,6b570flp2ge9uxl8,unityads,,,,0.2.3
2c47397152df7cf520f26b3e2bd289d9,ad_loaded,2025-09-23 00:00:00+00:00,2025-09-23 11:29:18.749003+00:00,45,6b570flp2ge9uxl8,unityads,,,,0.2.3
2c47397152df7cf520f26b3e2bd289d9,ad_loaded,2025-09-23 00:00:00+00:00,2025-09-23 15:00:10.395000+00:00,47,6b570flp2ge9uxl8,unityads,,,,0.2.3
2c47397152df7cf520f26b3e2bd289d9,ad_loaded,2025-09-23 00:00:00+00:00,2025-09-23 15:00:12.036001+00:00,47,6b570flp2ge9uxl8,unityads,,,,0.2.3
6b7bfe13725352467ae11e02235f3a6c,ad_loaded,2025-09-24 00:00:00+00:00,2025-09-24 08:05:22.855000+00:00,225,6b570flp2ge9uxl8,unityads,,,,0.2.3
6b7bfe13725352467ae11e02235f3a6c,ad_loaded,2025-09-24 00:00:00+00:00,2025-09-24 08:05:23.672001+00:00,225,6b570flp2ge9uxl8,unityads,,,,0.2.3
744a37f98b8975b7993e38979ae329da,ad_load_failed,2025-09-24 00:00:00+00:00,2025-09-24 15:50:31.463002+00:00,287,6b570flp2ge9uxl8,,,,,0.2.3
744a37f98b8975b7993e38979ae329da,ad_load_failed,2025-09-24 00:00:00+00:00,2025-09-24 15:50:32.091003+00:00,287,6b570flp2ge9uxl8,,,,,0.2.3
744a37f98b8975b7993e38979ae329da,ad_loaded,2025-09-24 00:00:00+00:00,2025-09-24 19:42:48.667002+00:00,288,6b570flp2ge9uxl8,unityads,,,,0.2.3
744a37f98b8975b7993e38979ae329da,ad_loaded,2025-09-24 00:00:00+00:00,2025-09-24 19:42:49.163003+00:00,288,6b570flp2ge9uxl8,unityads,,,,0.2.3
823633d925e6b92a4da9de5ee9787a51,ad_loaded,2025-09-24 00:00:00+00:00,2025-09-24 12:26:29.081002+00:00,316,6b570flp2ge9uxl8,unityads,,,,0.2.3
823633d925e6b92a4da9de5ee9787a51,ad_loaded,2025-09-24 00:00:00+00:00,2025-09-24 12:26:30.968003+00:00,316,6b570flp2ge9uxl8,unityads,,,,0.2.3
5f84f13d37dad04639af109c15e21f17,ad_loaded,2025-09-24 00:00:00+00:00,2025-09-24 18:04:03.483002+00:00,190,6b570flp2ge9uxl8,unityads,,,,0.2.3
5f84f13d37dad04639af109c15e21f17,ad_loaded,2025-09-24 00:00:00+00:00,2025-09-24 18:04:04.110003+00:00,190,6b570flp2ge9uxl8,unityads,,,,0.2.3
6e4f632b8ff65452b5b431366cb5137d,ad_loaded,2025-09-24 00:00:00+00:00,2025-09-24 07:38:50.047003+00:00,243,6b570flp2ge9uxl8,unityads,,,,0.2.3
6e4f632b8ff65452b5b431366cb5137d,ad_loaded,2025-09-24 00:00:00+00:00,2025-09-24 07:38:51.166004+00:00,243,6b570flp2ge9uxl8,unityads,,,,0.2.3
5448559ae43135df0a1f2e23ebe82661,ad_loaded,2025-09-24 00:00:00+00:00,2025-09-24 05:22:53.915000+00:00,168,6b570flp2ge9uxl8,unityads,,,,0.2.3
5448559ae43135df0a1f2e23ebe82661,ad_loaded,2025-09-24 00:00:00+00:00,2025-09-24 05:22:53.922001+00:00,168,6b570flp2ge9uxl8,unityads,,,,0.2.3
a8e9aa3492e6a8e39382c4af63a2966a,ad_loaded,2025-09-24 00:00:00+00:00,2025-09-24 08:40:51.971002+00:00,342,6b570flp2ge9uxl8,unityads,,,,0.2.3
a8e9aa3492e6a8e39382c4af63a2966a,ad_loaded,2025-09-24 00:00:00+00:00,2025-09-24 08:40:52.656003+00:00,342,6b570flp2ge9uxl8,unityads,,,,0.2.3
2c47397152df7cf520f26b3e2bd289d9,ad_loaded,2025-09-23 00:00:00+00:00,2025-09-23 22:51:32.351002+00:00,48,6b570flp2ge9uxl8,unityads,,,,0.2.3
2c47397152df7cf520f26b3e2bd289d9,ad_loaded,2025-09-23 00:00:00+00:00,2025-09-23 22:51:33.070003+00:00,48,6b570flp2ge9uxl8,unityads,,,,0.2.3
2c47397152df7cf520f26b3e2bd289d9,ad_loaded,2025-09-24 00:00:00+00:00,2025-09-24 10:53:02.650002+00:00,50,6b570flp2ge9uxl8,unityads,,,,0.2.3
2c47397152df7cf520f26b3e2bd289d9,ad_loaded,2025-09-24 00:00:00+00:00,2025-09-24 10:53:03.932003+00:00,50,6b570flp2ge9uxl8,unityads,,,,0.2.3
2c47397152df7cf520f26b3e2bd289d9,ad_loaded,2025-09-24 00:00:00+00:00,2025-09-24 19:03:48.179002+00:00,51,6b570flp2ge9uxl8,unityads,,,,0.2.3
2c47397152df7cf520f26b3e2bd289d9,ad_loaded,2025-09-24 00:00:00+00:00,2025-09-24 19:03:48.288003+00:00,51,6b570flp2ge9uxl8,unityads,,,,0.2.3
2c47397152df7cf520f26b3e2bd289d9,ad_loaded,2025-09-24 00:00:00+00:00,2025-09-24 19:11:02.053001+00:00,52,6b570flp2ge9uxl8,unityads,,,,0.2.3
2c47397152df7cf520f26b3e2bd289d9,ad_loaded,2025-09-24 00:00:00+00:00,2025-09-24 19:11:03.639002+00:00,52,6b570flp2ge9uxl8,unityads,,,,0.2.3
6b7bfe13725352467ae11e02235f3a6c,ad_loaded,2025-09-25 00:00:00+00:00,2025-09-25 10:06:57.540000+00:00,228,6b570flp2ge9uxl8,unityads,,,,0.2.3
6b7bfe13725352467ae11e02235f3a6c,ad_loaded,2025-09-25 00:00:00+00:00,2025-09-25 10:06:57.890001+00:00,228,6b570flp2ge9uxl8,unityads,,,,0.2.3
6b7bfe13725352467ae11e02235f3a6c,ad_loaded,2025-09-25 00:00:00+00:00,2025-09-25 10:11:09.296001+00:00,228,6b570flp2ge9uxl8,unityads,,T - T: 4 - Q: 5,41.0,0.2.3
6b7bfe13725352467ae11e02235f3a6c,ad_loaded,2025-09-25 00:00:00+00:00,2025-09-25 10:11:09.659002+00:00,228,6b570flp2ge9uxl8,unityads,,T - T: 4 - Q: 5,41.0,0.2.3
823633d925e6b92a4da9de5ee9787a51,ad_loaded,2025-09-25 00:00:00+00:00,2025-09-25 12:12:35.581002+00:00,317,6b570flp2ge9uxl8,unityads,,,,0.2.3
823633d925e6b92a4da9de5ee9787a51,ad_loaded,2025-09-25 00:00:00+00:00,2025-09-25 12:12:35.855005+00:00,317,6b570flp2ge9uxl8,unityads,,,,0.2.3
5f84f13d37dad04639af109c15e21f17,ad_loaded,2025-09-24 00:00:00+00:00,2025-09-24 22:13:00.651002+00:00,194,6b570flp2ge9uxl8,unityads,,,,0.2.3
5f84f13d37dad04639af109c15e21f17,ad_loaded,2025-09-24 00:00:00+00:00,2025-09-24 22:13:01.448003+00:00,194,6b570flp2ge9uxl8,unityads,,,,0.2.3
6e4f632b8ff65452b5b431366cb5137d,ad_loaded,2025-09-25 00:00:00+00:00,2025-09-25 18:00:57.466004+00:00,244,6b570flp2ge9uxl8,unityads,,,,0.2.3
6e4f632b8ff65452b5b431366cb5137d,ad_loaded,2025-09-25 00:00:00+00:00,2025-09-25 18:00:57.562005+00:00,244,6b570flp2ge9uxl8,unityads,,,,0.2.3
5448559ae43135df0a1f2e23ebe82661,ad_loaded,2025-09-25 00:00:00+00:00,2025-09-25 05:50:36.615000+00:00,169,6b570flp2ge9uxl8,unityads,,,,0.2.3
14dc8a61fa5b0fafaef6e79df39870f4,ad_loaded,2025-09-25 00:00:00+00:00,2025-09-25 15:28:52.246003+00:00,16,6b570flp2ge9uxl8,unityads,,,,0.2.3
14dc8a61fa5b0fafaef6e79df39870f4,ad_loaded,2025-09-25 00:00:00+00:00,2025-09-25 15:28:52.257004+00:00,16,6b570flp2ge9uxl8,unityads,,,,0.2.3
a8e9aa3492e6a8e39382c4af63a2966a,ad_loaded,2025-09-25 00:00:00+00:00,2025-09-25 09:31:53.112002+00:00,343,6b570flp2ge9uxl8,unityads,,,,0.2.3
a8e9aa3492e6a8e39382c4af63a2966a,ad_loaded,2025-09-25 00:00:00+00:00,2025-09-25 09:31:55.163003+00:00,343,6b570flp2ge9uxl8,unityads,,,,0.2.3
4f2fe705f62542943d31cdfdc7f3f94b,ad_loaded,2025-09-25 00:00:00+00:00,2025-09-25 15:43:45.045000+00:00,156,6b570flp2ge9uxl8,unityads,,,,0.2.3
4f2fe705f62542943d31cdfdc7f3f94b,ad_loaded,2025-09-25 00:00:00+00:00,2025-09-25 15:43:49.186000+00:00,156,6b570flp2ge9uxl8,unityads,,,,0.2.3
e6b7338f440a427107cdcf28fe55fb62,ad_loaded,2025-09-25 00:00:00+00:00,2025-09-25 11:58:01.336002+00:00,373,6b570flp2ge9uxl8,unityads,,,,0.2.3
e6b7338f440a427107cdcf28fe55fb62,ad_loaded,2025-09-25 00:00:00+00:00,2025-09-25 11:58:03.341003+00:00,373,6b570flp2ge9uxl8,unityads,,,,0.2.3
2c47397152df7cf520f26b3e2bd289d9,ad_loaded,2025-09-25 00:00:00+00:00,2025-09-25 00:18:02.412002+00:00,54,6b570flp2ge9uxl8,unityads,,,,0.2.3
2c47397152df7cf520f26b3e2bd289d9,ad_loaded,2025-09-25 00:00:00+00:00,2025-09-25 00:18:04.203003+00:00,54,6b570flp2ge9uxl8,unityads,,,,0.2.3
2c47397152df7cf520f26b3e2bd289d9,ad_loaded,2025-09-25 00:00:00+00:00,2025-09-25 12:36:27.809002+00:00,55,6b570flp2ge9uxl8,unityads,,,,0.2.3
2c47397152df7cf520f26b3e2bd289d9,ad_loaded,2025-09-25 00:00:00+00:00,2025-09-25 12:36:30.286003+00:00,55,6b570flp2ge9uxl8,unityads,,,,0.2.3
6b7bfe13725352467ae11e02235f3a6c,ad_loaded,2025-09-26 00:00:00+00:00,2025-09-26 09:30:13.945002+00:00,229,6b570flp2ge9uxl8,unityads,,,,0.2.3
6b7bfe13725352467ae11e02235f3a6c,ad_loaded,2025-09-26 00:00:00+00:00,2025-09-26 09:30:14.742003+00:00,229,6b570flp2ge9uxl8,unityads,,,,0.2.3
9a55b37b89a7b7603611bb46e95e7bc8,ad_loaded,2025-09-26 00:00:00+00:00,2025-09-26 10:57:27.168000+00:00,332,6b570flp2ge9uxl8,unityads,,,,0.2.3
9a55b37b89a7b7603611bb46e95e7bc8,ad_loaded,2025-09-26 00:00:00+00:00,2025-09-26 10:57:28.631001+00:00,332,6b570flp2ge9uxl8,unityads,,,,0.2.3
4cc78993f8236585546a9f6aeffa0d13,ad_loaded,2025-09-26 00:00:00+00:00,2025-09-26 05:32:34.437002+00:00,137,6b570flp2ge9uxl8,unityads,,,,0.2.3
4cc78993f8236585546a9f6aeffa0d13,ad_loaded,2025-09-26 00:00:00+00:00,2025-09-26 05:32:35.654003+00:00,137,6b570flp2ge9uxl8,unityads,,,,0.2.3
4cc78993f8236585546a9f6aeffa0d13,ad_loaded,2025-09-26 00:00:00+00:00,2025-09-26 05:48:54.392001+00:00,138,6b570flp2ge9uxl8,unityads,,,,0.2.3
4cc78993f8236585546a9f6aeffa0d13,ad_loaded,2025-09-26 00:00:00+00:00,2025-09-26 05:48:56.674002+00:00,138,6b570flp2ge9uxl8,unityads,,,,0.2.3
0f8f649263450c258692b2c77bc0fb0d,ad_loaded,2025-09-26 00:00:00+00:00,2025-09-26 18:37:19.521002+00:00,10,6b570flp2ge9uxl8,unityads,,,,0.2.3
0f8f649263450c258692b2c77bc0fb0d,ad_loaded,2025-09-26 00:00:00+00:00,2025-09-26 18:37:19.521003+00:00,10,6b570flp2ge9uxl8,unityads,,,,0.2.3
823633d925e6b92a4da9de5ee9787a51,ad_loaded,2025-09-26 00:00:00+00:00,2025-09-26 11:54:25.158002+00:00,318,6b570flp2ge9uxl8,unityads,,,,0.2.3
823633d925e6b92a4da9de5ee9787a51,ad_loaded,2025-09-26 00:00:00+00:00,2025-09-26 11:54:27.129003+00:00,318,6b570flp2ge9uxl8,unityads,,,,0.2.3
823633d925e6b92a4da9de5ee9787a51,ad_loaded,2025-09-26 00:00:00+00:00,2025-09-26 12:38:54.531002+00:00,319,6b570flp2ge9uxl8,unityads,,,,0.2.3
823633d925e6b92a4da9de5ee9787a51,ad_loaded,2025-09-26 00:00:00+00:00,2025-09-26 12:38:54.532003+00:00,319,6b570flp2ge9uxl8,unityads,,,,0.2.3
5f84f13d37dad04639af109c15e21f17,ad_loaded,2025-09-26 00:00:00+00:00,2025-09-26 09:40:37.050002+00:00,196,6b570flp2ge9uxl8,unityads,,,,0.2.3
5f84f13d37dad04639af109c15e21f17,ad_loaded,2025-09-26 00:00:00+00:00,2025-09-26 09:40:38.414003+00:00,196,6b570flp2ge9uxl8,unityads,,,,0.2.3
6e4f632b8ff65452b5b431366cb5137d,ad_loaded,2025-09-26 00:00:00+00:00,2025-09-26 07:41:31.921002+00:00,247,6b570flp2ge9uxl8,unityads,,,,0.2.3
6e4f632b8ff65452b5b431366cb5137d,ad_loaded,2025-09-26 00:00:00+00:00,2025-09-26 07:41:32.587003+00:00,247,6b570flp2ge9uxl8,unityads,,,,0.2.3
6e4f632b8ff65452b5b431366cb5137d,ad_loaded,2025-09-26 00:00:00+00:00,2025-09-26 13:53:17.840001+00:00,249,6b570flp2ge9uxl8,unityads,,,,0.2.3
6e4f632b8ff65452b5b431366cb5137d,ad_loaded,2025-09-26 00:00:00+00:00,2025-09-26 13:53:18.472002+00:00,249,6b570flp2ge9uxl8,unityads,,,,0.2.3
6e4f632b8ff65452b5b431366cb5137d,ad_loaded,2025-09-26 00:00:00+00:00,2025-09-26 17:43:57.032005+00:00,251,6b570flp2ge9uxl8,unityads,,Obvious Joe - T: 1 - Q: 1,1.0,0.2.3
6e4f632b8ff65452b5b431366cb5137d,ad_loaded,2025-09-26 00:00:00+00:00,2025-09-26 17:43:57.050006+00:00,251,6b570flp2ge9uxl8,unityads,,Obvious Joe - T: 1 - Q: 1,1.0,0.2.3
5448559ae43135df0a1f2e23ebe82661,ad_loaded,2025-09-26 00:00:00+00:00,2025-09-26 05:30:35.413002+00:00,170,6b570flp2ge9uxl8,unityads,,,,0.2.3
5448559ae43135df0a1f2e23ebe82661,ad_loaded,2025-09-26 00:00:00+00:00,2025-09-26 05:30:35.459003+00:00,170,6b570flp2ge9uxl8,unityads,,,,0.2.3
a8e9aa3492e6a8e39382c4af63a2966a,ad_loaded,2025-09-26 00:00:00+00:00,2025-09-26 09:42:49.126002+00:00,344,6b570flp2ge9uxl8,unityads,,,,0.2.3
a8e9aa3492e6a8e39382c4af63a2966a,ad_loaded,2025-09-26 00:00:00+00:00,2025-09-26 09:42:51.699003+00:00,344,6b570flp2ge9uxl8,unityads,,,,0.2.3
a8e9aa3492e6a8e39382c4af63a2966a,ad_loaded,2025-09-26 00:00:00+00:00,2025-09-26 09:44:19.911001+00:00,344,6b570flp2ge9uxl8,unityads,,,,0.2.3
a8e9aa3492e6a8e39382c4af63a2966a,ad_loaded,2025-09-26 00:00:00+00:00,2025-09-26 09:44:19.911002+00:00,344,6b570flp2ge9uxl8,unityads,,,,0.2.3
4f2fe705f62542943d31cdfdc7f3f94b,ad_loaded,2025-09-26 00:00:00+00:00,2025-09-26 09:30:01.634002+00:00,157,6b570flp2ge9uxl8,unityads,,,,0.2.3
4f2fe705f62542943d31cdfdc7f3f94b,ad_loaded,2025-09-26 00:00:00+00:00,2025-09-26 09:30:02.631004+00:00,157,6b570flp2ge9uxl8,unityads,,,,0.2.3
e6b7338f440a427107cdcf28fe55fb62,ad_loaded,2025-09-26 00:00:00+00:00,2025-09-26 16:29:08.708002+00:00,374,6b570flp2ge9uxl8,unityads,,,,0.2.3
e6b7338f440a427107cdcf28fe55fb62,ad_loaded,2025-09-26 00:00:00+00:00,2025-09-26 16:29:08.769003+00:00,374,6b570flp2ge9uxl8,unityads,,,,0.2.3
2c47397152df7cf520f26b3e2bd289d9,ad_loaded,2025-09-25 00:00:00+00:00,2025-09-25 21:37:03.050002+00:00,56,6b570flp2ge9uxl8,unityads,,,,0.2.3
2c47397152df7cf520f26b3e2bd289d9,ad_loaded,2025-09-25 00:00:00+00:00,2025-09-25 21:37:04.321003+00:00,56,6b570flp2ge9uxl8,unityads,,,,0.2.3
2c47397152df7cf520f26b3e2bd289d9,ad_loaded,2025-09-26 00:00:00+00:00,2025-09-26 14:53:54.422007+00:00,57,6b570flp2ge9uxl8,unityads,,,,0.2.3
2c47397152df7cf520f26b3e2bd289d9,ad_loaded,2025-09-26 00:00:00+00:00,2025-09-26 14:53:54.581008+00:00,57,6b570flp2ge9uxl8,unityads,,,,0.2.3
823633d925e6b92a4da9de5ee9787a51,ad_loaded,2025-09-27 00:00:00+00:00,2025-09-27 08:17:32.312002+00:00,320,6b570flp2ge9uxl8,unityads,,,,0.2.3
823633d925e6b92a4da9de5ee9787a51,ad_loaded,2025-09-27 00:00:00+00:00,2025-09-27 08:17:34.131003+00:00,320,6b570flp2ge9uxl8,unityads,,,,0.2.3
5448559ae43135df0a1f2e23ebe82661,ad_loaded,2025-09-27 00:00:00+00:00,2025-09-27 07:21:40.992002+00:00,171,6b570flp2ge9uxl8,unityads,,,,0.2.3
5448559ae43135df0a1f2e23ebe82661,ad_loaded,2025-09-27 00:00:00+00:00,2025-09-27 07:21:40.993003+00:00,171,6b570flp2ge9uxl8,unityads,,,,0.2.3
2c47397152df7cf520f26b3e2bd289d9,ad_loaded,2025-09-26 00:00:00+00:00,2025-09-26 21:54:58.457001+00:00,58,6b570flp2ge9uxl8,unityads,,,,0.2.3
2c47397152df7cf520f26b3e2bd289d9,ad_loaded,2025-09-26 00:00:00+00:00,2025-09-26 21:54:59.456002+00:00,58,6b570flp2ge9uxl8,unityads,,,,0.2.3
2c47397152df7cf520f26b3e2bd289d9,ad_loaded,2025-09-27 00:00:00+00:00,2025-09-27 18:53:48.018002+00:00,59,6b570flp2ge9uxl8,unityads,,,,0.2.3
2c47397152df7cf520f26b3e2bd289d9,ad_loaded,2025-09-27 00:00:00+00:00,2025-09-27 18:53:48.462003+00:00,59,6b570flp2ge9uxl8,unityads,,,,0.2.3
744a37f98b8975b7993e38979ae329da,ad_loaded,2025-09-28 00:00:00+00:00,2025-09-28 06:05:33.242002+00:00,290,6b570flp2ge9uxl8,unityads,,,,0.2.3
744a37f98b8975b7993e38979ae329da,ad_loaded,2025-09-28 00:00:00+00:00,2025-09-28 06:05:33.242003+00:00,290,6b570flp2ge9uxl8,unityads,,,,0.2.3
744a37f98b8975b7993e38979ae329da,ad_loaded,2025-09-28 00:00:00+00:00,2025-09-28 06:06:57.504001+00:00,290,6b570flp2ge9uxl8,unityads,,Mi - T: 1 - Q: 9,9.0,0.2.3
744a37f98b8975b7993e38979ae329da,ad_loaded,2025-09-28 00:00:00+00:00,2025-09-28 06:06:57.734002+00:00,290,6b570flp2ge9uxl8,unityads,,Mi - T: 1 - Q: 9,9.0,0.2.3
2c47397152df7cf520f26b3e2bd289d9,ad_loaded,2025-09-28 00:00:00+00:00,2025-09-28 11:06:16.316002+00:00,62,6b570flp2ge9uxl8,unityads,,,,0.2.3
2c47397152df7cf520f26b3e2bd289d9,ad_loaded,2025-09-28 00:00:00+00:00,2025-09-28 11:06:16.317003+00:00,62,6b570flp2ge9uxl8,unityads,,,,0.2.3
2c47397152df7cf520f26b3e2bd289d9,ad_loaded,2025-09-28 00:00:00+00:00,2025-09-28 19:32:19.141002+00:00,63,6b570flp2ge9uxl8,unityads,,,,0.2.3
2c47397152df7cf520f26b3e2bd289d9,ad_loaded,2025-09-28 00:00:00+00:00,2025-09-28 19:32:20.785003+00:00,63,6b570flp2ge9uxl8,unityads,,,,0.2.3
2c47397152df7cf520f26b3e2bd289d9,ad_loaded,2025-09-28 00:00:00+00:00,2025-09-28 22:16:59.347003+00:00,64,6b570flp2ge9uxl8,unityads,,,,0.2.3
2c47397152df7cf520f26b3e2bd289d9,ad_loaded,2025-09-28 00:00:00+00:00,2025-09-28 22:16:59.470004+00:00,64,6b570flp2ge9uxl8,unityads,,,,0.2.3
2c47397152df7cf520f26b3e2bd289d9,ad_loaded,2025-09-29 00:00:00+00:00,2025-09-29 11:16:08.675000+00:00,65,6b570flp2ge9uxl8,unityads,,,,0.2.3
2c47397152df7cf520f26b3e2bd289d9,ad_loaded,2025-09-29 00:00:00+00:00,2025-09-29 11:16:11.058000+00:00,65,6b570flp2ge9uxl8,unityads,,,,0.2.3
2c47397152df7cf520f26b3e2bd289d9,ad_loaded,2025-09-29 00:00:00+00:00,2025-09-29 17:41:54.247002+00:00,66,6b570flp2ge9uxl8,unityads,,,,0.2.3
2c47397152df7cf520f26b3e2bd289d9,ad_loaded,2025-09-29 00:00:00+00:00,2025-09-29 17:41:55.203003+00:00,66,6b570flp2ge9uxl8,unityads,,,,0.2.3
744a37f98b8975b7993e38979ae329da,ad_loaded,2025-09-30 00:00:00+00:00,2025-09-30 05:01:49.745002+00:00,291,6b570flp2ge9uxl8,unityads,,,,0.2.3
744a37f98b8975b7993e38979ae329da,ad_loaded,2025-09-30 00:00:00+00:00,2025-09-30 05:01:50.473003+00:00,291,6b570flp2ge9uxl8,unityads,,,,0.2.3
2c47397152df7cf520f26b3e2bd289d9,ad_loaded,2025-09-30 00:00:00+00:00,2025-09-30 12:05:29.977002+00:00,67,6b570flp2ge9uxl8,unityads,,,,0.2.3
2c47397152df7cf520f26b3e2bd289d9,ad_loaded,2025-09-30 00:00:00+00:00,2025-09-30 12:05:31.441003+00:00,67,6b570flp2ge9uxl8,unityads,,,,0.2.3
2c47397152df7cf520f26b3e2bd289d9,ad_loaded,2025-09-30 00:00:00+00:00,2025-09-30 13:17:52.725002+00:00,68,6b570flp2ge9uxl8,unityads,,,,0.2.3
2c47397152df7cf520f26b3e2bd289d9,ad_loaded,2025-09-30 00:00:00+00:00,2025-09-30 13:17:54.377003+00:00,68,6b570flp2ge9uxl8,unityads,,,,0.2.3
2c47397152df7cf520f26b3e2bd289d9,ad_loaded,2025-09-30 00:00:00+00:00,2025-09-30 14:39:56.534002+00:00,70,6b570flp2ge9uxl8,unityads,,,,0.2.3
2c47397152df7cf520f26b3e2bd289d9,ad_loaded,2025-09-30 00:00:00+00:00,2025-09-30 14:39:57.260003+00:00,70,6b570flp2ge9uxl8,unityads,,,,0.2.3
744a37f98b8975b7993e38979ae329da,ad_load_failed,2025-10-01 00:00:00+00:00,2025-10-01 17:48:53.817002+00:00,293,6b570flp2ge9uxl8,,,,,0.2.3
744a37f98b8975b7993e38979ae329da,ad_load_failed,2025-10-01 00:00:00+00:00,2025-10-01 17:48:54.312003+00:00,293,6b570flp2ge9uxl8,,,,,0.2.3
744a37f98b8975b7993e38979ae329da,ad_loaded,2025-10-06 00:00:00+00:00,2025-10-06 05:46:26.412002+00:00,295,6b570flp2ge9uxl8,unityads,,,,0.2.3
744a37f98b8975b7993e38979ae329da,ad_loaded,2025-10-06 00:00:00+00:00,2025-10-06 05:46:26.842003+00:00,295,6b570flp2ge9uxl8,unityads,,,,0.2.3
